-- phpMyAdmin SQL Dump
-- version 4.5.1
-- http://www.phpmyadmin.net
--
-- Host: 127.0.0.1
-- Generation Time: Jun 05, 2017 at 03:31 PM
-- Server version: 10.1.13-MariaDB
-- PHP Version: 5.6.23

SET SQL_MODE = "NO_AUTO_VALUE_ON_ZERO";
SET time_zone = "+00:00";


/*!40101 SET @OLD_CHARACTER_SET_CLIENT=@@CHARACTER_SET_CLIENT */;
/*!40101 SET @OLD_CHARACTER_SET_RESULTS=@@CHARACTER_SET_RESULTS */;
/*!40101 SET @OLD_COLLATION_CONNECTION=@@COLLATION_CONNECTION */;
/*!40101 SET NAMES utf8mb4 */;

--
-- Database: `machine_learning`
--


--
-- Dumping data for table `systems`
--

INSERT INTO `systems` (`id`, `name`, `description`, `free`, `created_at`, `updated_at`) VALUES
(1, 'System 1', NULL, NULL, '2017-06-05 05:22:21', '2017-06-05 05:22:21'),
(2, 'Sistem Pakar Diagnosis Penyakit Mata', 'Sistem Pakar Diagnosis Penyakit Mata', NULL, '2017-06-05 05:41:55', '2017-06-05 12:20:35');

--
-- Dumping data for table `attributes`
--

INSERT INTO `attributes` (`id`, `system_id`, `name`, `description`, `free`, `created_at`, `updated_at`) VALUES
(1, 1, 'Attribute 1', 'Attribute 1 Deskripsi', NULL, '2017-06-05 05:24:11', '2017-06-05 05:53:26'),
(2, 1, 'Attribute 2', 'Attribute 2 Desckripsi', NULL, '2017-06-05 05:53:48', '2017-06-05 05:53:48'),
(3, 2, 'Mata nyeri hebat', NULL, NULL, '2017-06-05 12:23:39', '2017-06-05 12:23:39'),
(4, 2, 'Mata menonjol', NULL, NULL, '2017-06-05 12:23:46', '2017-06-05 12:23:46'),
(5, 2, 'Penglihatan kabur', NULL, NULL, '2017-06-05 12:23:54', '2017-06-05 12:23:54'),
(6, 2, 'Peka terhadap cahaya', NULL, NULL, '2017-06-05 12:24:01', '2017-06-05 12:24:01'),
(7, 2, 'Mata merah', NULL, NULL, '2017-06-05 12:24:07', '2017-06-05 12:24:07'),
(8, 2, 'Mata berair', NULL, NULL, '2017-06-05 12:24:39', '2017-06-05 12:24:39'),
(9, 2, 'Mata perih', NULL, NULL, '2017-06-05 12:24:43', '2017-06-05 12:24:43'),
(10, 2, 'Mata gatal', NULL, NULL, '2017-06-05 12:24:49', '2017-06-05 12:24:49'),
(11, 2, 'Kelopak Mata membengkak', NULL, NULL, '2017-06-05 12:24:55', '2017-06-05 12:24:55'),
(12, 2, 'Mata ungu', NULL, NULL, '2017-06-05 12:25:02', '2017-06-05 12:25:02'),
(13, 2, 'Mata sakit', NULL, NULL, '2017-06-05 12:25:10', '2017-06-05 12:25:10'),
(14, 2, 'Air mata berlebihan', NULL, NULL, '2017-06-05 12:25:17', '2017-06-05 12:25:17'),
(15, 2, 'Mata tegang', NULL, NULL, '2017-06-05 12:25:24', '2017-06-05 12:25:24'),
(16, 2, 'Mata meradang', NULL, NULL, '2017-06-05 12:25:30', '2017-06-05 12:25:30'),
(17, 2, 'Mata kering', NULL, NULL, '2017-06-05 12:25:42', '2017-06-05 12:25:42'),
(18, 2, 'Mata iritasi', NULL, NULL, '2017-06-05 12:25:48', '2017-06-05 12:25:48'),
(19, 2, 'Mata nyeri bila ditekan', NULL, NULL, '2017-06-05 12:25:53', '2017-06-05 12:25:53'),
(20, 2, 'Demam', NULL, NULL, '2017-06-05 12:25:58', '2017-06-05 12:25:58'),
(21, 2, 'Menekan kedipan berlebihan', NULL, NULL, '2017-06-05 12:26:04', '2017-06-05 12:26:04'),
(22, 2, 'Sel batang retina sulit berdaptasi diruang yang remang-remang', NULL, NULL, '2017-06-05 12:26:12', '2017-06-05 12:26:12'),
(23, 2, 'Pada siang hari penglihatan menurun', NULL, NULL, '2017-06-05 12:26:21', '2017-06-05 12:26:21'),
(24, 2, 'Tidak dapat melihat pada lingkungan yang kurang bercahaya', NULL, NULL, '2017-06-05 12:26:27', '2017-06-05 12:26:27'),
(25, 2, 'Pergerakan mata terbatas', NULL, NULL, '2017-06-05 12:26:37', '2017-06-05 12:26:37'),
(26, 2, 'Mata tampak mengkilat', NULL, NULL, '2017-06-05 12:26:44', '2017-06-05 12:26:44'),
(27, 2, 'Bola mata membengkak dan tampak berkabut', NULL, NULL, '2017-06-05 12:27:17', '2017-06-05 12:27:17'),
(28, 2, 'Sumber cahaya akan berwarna pelangi bila memandang lampu neon', NULL, NULL, '2017-06-05 12:27:25', '2017-06-05 12:27:25'),
(29, 2, 'Penglihatan yang tadinya kabur lamakelamaan menjadi normal', NULL, NULL, '2017-06-05 12:27:31', '2017-06-05 12:27:31'),
(30, 2, 'Malam hari kesulitan melihat', NULL, NULL, '2017-06-05 12:27:41', '2017-06-05 12:27:41'),
(31, 2, 'Siang hari ketajaman mata menurun', NULL, NULL, '2017-06-05 12:27:48', '2017-06-05 12:27:48'),
(32, 2, 'Mata silau akan cahaya', NULL, NULL, '2017-06-05 12:27:53', '2017-06-05 12:27:53'),
(33, 2, 'Sering ganti kacamata', NULL, NULL, '2017-06-05 12:28:02', '2017-06-05 12:28:02'),
(34, 2, 'Penglihatan ganda pada salah satu sisi mata', NULL, NULL, '2017-06-05 12:28:14', '2017-06-05 12:28:14'),
(35, 2, 'Lensa mata membengkak', NULL, NULL, '2017-06-05 12:28:21', '2017-06-05 12:28:21'),
(36, 2, 'Berbentuk keropeng pada kelopak mata ketika bangun pada siang hari', NULL, NULL, '2017-06-05 12:28:28', '2017-06-05 12:28:28'),
(37, 2, 'Penglihatan menurun pada ruang gelap', NULL, NULL, '2017-06-05 12:28:35', '2017-06-05 12:28:35'),
(38, 2, 'Penglihatan menurun pada malam hari', NULL, NULL, '2017-06-05 12:28:40', '2017-06-05 12:28:40'),
(39, 2, 'Keluarnya cairan kotoran dari mata', NULL, NULL, '2017-06-05 12:28:45', '2017-06-05 12:28:45'),
(40, 2, 'Berbaliknya bulu mata', NULL, NULL, '2017-06-05 12:28:51', '2017-06-05 12:28:51'),
(41, 2, 'Pembengkakan kelenjar getah bening didepan telinga', NULL, NULL, '2017-06-05 12:28:56', '2017-06-05 12:28:56'),
(42, 2, 'Munculnya garis parutan pada kornea', NULL, NULL, '2017-06-05 12:29:03', '2017-06-05 12:29:03'),
(43, 2, 'Komplikasi pada,telinga,hidung dan tenggorokan', NULL, NULL, '2017-06-05 12:29:07', '2017-06-05 12:29:07'),
(44, 2, 'Mata mempersempit, perubahan bentuk', NULL, NULL, '2017-06-05 12:29:26', '2017-06-05 12:29:26'),
(45, 2, 'Benjolan pada mata bagian atas atau bawah', NULL, NULL, '2017-06-05 12:29:33', '2017-06-05 12:29:33'),
(46, 2, 'Gangguan penglihatan pada salah satu mata', NULL, NULL, '2017-06-05 12:29:39', '2017-06-05 12:29:39'),
(47, 2, 'Garis mata lurus terlihat bergelombang', NULL, NULL, '2017-06-05 12:29:46', '2017-06-05 12:29:46'),
(48, 2, 'Mata tidak nyeri', NULL, NULL, '2017-06-05 12:29:52', '2017-06-05 12:29:52'),
(49, 2, 'Mata melihat melayang-layang', NULL, NULL, '2017-06-05 12:29:57', '2017-06-05 12:29:57'),
(50, 2, 'Mata melihat kilatan cahaya', NULL, NULL, '2017-06-05 12:30:03', '2017-06-05 12:30:03'),
(51, 2, 'Seperti ada benda asing di mata', NULL, NULL, '2017-06-05 12:30:09', '2017-06-05 12:30:09'),
(52, 2, 'Sakit kepala', NULL, NULL, '2017-06-05 12:30:17', '2017-06-05 12:30:17'),
(53, 2, 'Riwayat penyakit menular seksual pada ibu', NULL, NULL, '2017-06-05 12:30:22', '2017-06-05 12:30:22'),
(54, 2, 'Mata membengkak', NULL, NULL, '2017-06-05 12:30:27', '2017-06-05 12:30:27');



--
-- Dumping data for table `data_classes`
--

INSERT INTO `data_classes` (`id`, `system_id`, `name`, `description`, `free`, `created_at`, `updated_at`) VALUES
(1, 1, 'Class 1', 'Class 1 desc', NULL, '2017-06-05 05:23:08', '2017-06-05 06:14:50'),
(2, 1, 'Class 2', 'Class 2 lalalaa yeyeye', NULL, '2017-06-05 06:13:14', '2017-06-05 06:13:14'),
(3, 2, 'Xerophtalmania', NULL, NULL, '2017-06-05 12:21:00', '2017-06-05 12:21:00'),
(4, 2, 'Selulitis Orbitalitas', NULL, NULL, '2017-06-05 12:21:09', '2017-06-05 12:21:09'),
(5, 2, 'Glaukoma', NULL, NULL, '2017-06-05 12:21:16', '2017-06-05 12:21:16'),
(6, 2, 'Dakriosistitis', NULL, NULL, '2017-06-05 12:21:24', '2017-06-05 12:21:24'),
(7, 2, 'Katarak', NULL, NULL, '2017-06-05 12:21:29', '2017-06-05 12:21:29'),
(8, 2, 'Konjungtivitis', NULL, NULL, '2017-06-05 12:21:36', '2017-06-05 12:21:36'),
(9, 2, 'Retinitis Pigmentosa', NULL, NULL, '2017-06-05 12:21:50', '2017-06-05 12:21:50'),
(10, 2, 'Trakoma', NULL, NULL, '2017-06-05 12:21:56', '2017-06-05 12:21:56'),
(11, 2, 'Oveitis', NULL, NULL, '2017-06-05 12:22:04', '2017-06-05 12:22:04'),
(12, 2, 'Hordeolum', NULL, NULL, '2017-06-05 12:22:14', '2017-06-05 12:22:14'),
(13, 2, 'Degenerasi Makula', NULL, NULL, '2017-06-05 12:22:24', '2017-06-05 12:22:24'),
(14, 2, 'Ablasio Retina', NULL, NULL, '2017-06-05 12:22:31', '2017-06-05 12:22:31'),
(15, 2, 'Pterygium', NULL, NULL, '2017-06-05 12:22:37', '2017-06-05 12:22:37'),
(16, 2, 'Miopi', NULL, NULL, '2017-06-05 12:22:43', '2017-06-05 12:22:43'),
(17, 2, 'Oftalmia Neonatorium', NULL, NULL, '2017-06-05 12:22:56', '2017-06-05 12:22:56');


--
-- Dumping data for table `datasets`
--

INSERT INTO `datasets` (`id`, `system_id`, `data_class_id`, `free`, `created_at`, `updated_at`) VALUES
(1, 1, 1, NULL, '2017-06-05 05:25:17', '2017-06-05 05:25:17'),
(3, 1, 2, NULL, '2017-06-05 08:28:25', '2017-06-05 08:28:25'),
(4, 1, 1, NULL, '2017-06-05 08:30:38', '2017-06-05 08:30:38'),
(5, 1, 2, NULL, '2017-06-05 08:30:54', '2017-06-05 08:30:54'),
(7, 1, 1, NULL, '2017-06-05 10:00:28', '2017-06-05 10:00:28'),
(8, 1, 2, NULL, '2017-06-05 10:05:55', '2017-06-05 10:05:55'),
(9, 2, 3, NULL, '2017-06-05 12:31:27', '2017-06-05 12:31:27'),
(10, 2, 4, NULL, '2017-06-05 12:33:22', '2017-06-05 12:33:22'),
(11, 2, 5, NULL, '2017-06-05 12:34:26', '2017-06-05 12:34:26'),
(12, 2, 6, NULL, '2017-06-05 12:35:07', '2017-06-05 12:35:07'),
(13, 2, 7, NULL, '2017-06-05 12:36:27', '2017-06-05 12:36:27'),
(14, 2, 8, NULL, '2017-06-05 12:37:37', '2017-06-05 12:37:37'),
(15, 2, 9, NULL, '2017-06-05 12:38:48', '2017-06-05 12:38:48'),
(16, 2, 10, NULL, '2017-06-05 12:43:00', '2017-06-05 12:43:00'),
(17, 2, 11, NULL, '2017-06-05 12:44:04', '2017-06-05 12:44:04'),
(18, 2, 12, NULL, '2017-06-05 12:44:43', '2017-06-05 12:44:43'),
(19, 2, 13, NULL, '2017-06-05 12:45:11', '2017-06-05 12:45:11'),
(20, 2, 14, NULL, '2017-06-05 12:45:55', '2017-06-05 12:45:55'),
(21, 2, 15, NULL, '2017-06-05 12:48:05', '2017-06-05 12:48:05'),
(22, 2, 16, NULL, '2017-06-05 12:49:28', '2017-06-05 12:49:28'),
(23, 2, 17, NULL, '2017-06-05 12:50:40', '2017-06-05 12:50:40');

--
-- Dumping data for table `matrix_datasets`
--

INSERT INTO `matrix_datasets` (`id`, `dataset_id`, `data_class_id`, `attribute_id`, `value`, `free`, `created_at`, `updated_at`) VALUES
(1, 1, 1, 1, '1', NULL, '2017-06-05 05:26:43', '2017-06-05 05:26:43'),
(4, 4, 1, 1, '1', NULL, '2017-06-05 08:30:38', '2017-06-05 08:30:38'),
(5, 4, 1, 2, '1', NULL, '2017-06-05 08:30:38', '2017-06-05 08:30:38'),
(6, 5, 2, 2, '1', NULL, '2017-06-05 08:30:54', '2017-06-05 08:30:54'),
(8, 1, 1, 2, '1', NULL, '2017-06-05 08:50:21', '2017-06-05 08:50:21'),
(9, 3, 2, 1, '1', NULL, '2017-06-05 08:51:34', '2017-06-05 08:51:34'),
(10, 7, 1, 1, '1', NULL, '2017-06-05 10:00:29', '2017-06-05 10:00:29'),
(11, 8, 2, 2, '1', NULL, '2017-06-05 10:05:55', '2017-06-05 10:05:55'),
(12, 8, 2, 1, '1', NULL, '2017-06-05 10:05:55', '2017-06-05 10:05:55'),
(13, 9, 3, 22, '1', NULL, '2017-06-05 12:31:27', '2017-06-05 12:31:27'),
(14, 9, 3, 23, '1', NULL, '2017-06-05 12:31:27', '2017-06-05 12:31:27'),
(15, 9, 3, 24, '1', NULL, '2017-06-05 12:31:27', '2017-06-05 12:31:27'),
(16, 10, 4, 3, '1', NULL, '2017-06-05 12:33:22', '2017-06-05 12:33:22'),
(17, 10, 4, 4, '1', NULL, '2017-06-05 12:33:22', '2017-06-05 12:33:22'),
(18, 10, 4, 25, '1', NULL, '2017-06-05 12:33:22', '2017-06-05 12:33:22'),
(19, 10, 4, 11, '1', NULL, '2017-06-05 12:33:22', '2017-06-05 12:33:22'),
(20, 10, 4, 26, '1', NULL, '2017-06-05 12:33:23', '2017-06-05 12:33:23'),
(21, 10, 4, 7, '1', NULL, '2017-06-05 12:33:23', '2017-06-05 12:33:23'),
(22, 10, 4, 12, '1', NULL, '2017-06-05 12:33:23', '2017-06-05 12:33:23'),
(23, 10, 4, 20, '1', NULL, '2017-06-05 12:33:23', '2017-06-05 12:33:23'),
(24, 10, 4, 27, '1', NULL, '2017-06-05 12:33:23', '2017-06-05 12:33:23'),
(25, 11, 5, 28, '1', NULL, '2017-06-05 12:34:26', '2017-06-05 12:34:26'),
(26, 11, 5, 13, '1', NULL, '2017-06-05 12:34:26', '2017-06-05 12:34:26'),
(27, 11, 5, 54, '1', NULL, '2017-06-05 12:34:26', '2017-06-05 12:34:26'),
(28, 11, 5, 29, '1', NULL, '2017-06-05 12:34:26', '2017-06-05 12:34:26'),
(29, 11, 5, 21, '1', NULL, '2017-06-05 12:34:26', '2017-06-05 12:34:26'),
(30, 12, 6, 14, '1', NULL, '2017-06-05 12:35:07', '2017-06-05 12:35:07'),
(31, 12, 6, 3, '1', NULL, '2017-06-05 12:35:07', '2017-06-05 12:35:07'),
(32, 12, 6, 54, '1', NULL, '2017-06-05 12:35:07', '2017-06-05 12:35:07'),
(33, 13, 7, 30, '1', NULL, '2017-06-05 12:36:27', '2017-06-05 12:36:27'),
(34, 13, 7, 23, '1', NULL, '2017-06-05 12:36:27', '2017-06-05 12:36:27'),
(35, 13, 7, 32, '1', NULL, '2017-06-05 12:36:27', '2017-06-05 12:36:27'),
(36, 13, 7, 33, '1', NULL, '2017-06-05 12:36:27', '2017-06-05 12:36:27'),
(37, 13, 7, 34, '1', NULL, '2017-06-05 12:36:27', '2017-06-05 12:36:27'),
(38, 13, 7, 3, '1', NULL, '2017-06-05 12:36:27', '2017-06-05 12:36:27'),
(39, 13, 7, 35, '1', NULL, '2017-06-05 12:36:27', '2017-06-05 12:36:27'),
(40, 14, 8, 8, '1', NULL, '2017-06-05 12:37:37', '2017-06-05 12:37:37'),
(41, 14, 8, 3, '1', NULL, '2017-06-05 12:37:37', '2017-06-05 12:37:37'),
(42, 14, 8, 10, '1', NULL, '2017-06-05 12:37:37', '2017-06-05 12:37:37'),
(43, 14, 8, 5, '1', NULL, '2017-06-05 12:37:37', '2017-06-05 12:37:37'),
(44, 14, 8, 6, '1', NULL, '2017-06-05 12:37:37', '2017-06-05 12:37:37'),
(45, 14, 8, 36, '1', NULL, '2017-06-05 12:37:37', '2017-06-05 12:37:37'),
(46, 15, 9, 37, '1', NULL, '2017-06-05 12:38:48', '2017-06-05 12:38:48'),
(47, 15, 9, 38, '1', NULL, '2017-06-05 12:38:48', '2017-06-05 12:38:48'),
(48, 15, 9, 11, '1', NULL, '2017-06-05 12:38:48', '2017-06-05 12:38:48'),
(49, 16, 10, 39, '1', NULL, '2017-06-05 12:43:00', '2017-06-05 12:43:00'),
(50, 16, 10, 11, '1', NULL, '2017-06-05 12:43:00', '2017-06-05 12:43:00'),
(51, 16, 10, 40, '1', NULL, '2017-06-05 12:43:00', '2017-06-05 12:43:00'),
(52, 16, 10, 41, '1', NULL, '2017-06-05 12:43:00', '2017-06-05 12:43:00'),
(53, 16, 10, 42, '1', NULL, '2017-06-05 12:43:00', '2017-06-05 12:43:00'),
(54, 16, 10, 43, '1', NULL, '2017-06-05 12:43:00', '2017-06-05 12:43:00'),
(55, 17, 11, 16, '1', NULL, '2017-06-05 12:44:04', '2017-06-05 12:44:04'),
(56, 17, 11, 8, '1', NULL, '2017-06-05 12:44:04', '2017-06-05 12:44:04'),
(57, 17, 11, 6, '1', NULL, '2017-06-05 12:44:04', '2017-06-05 12:44:04'),
(58, 17, 11, 44, '1', NULL, '2017-06-05 12:44:04', '2017-06-05 12:44:04'),
(59, 17, 11, 45, '1', NULL, '2017-06-05 12:44:04', '2017-06-05 12:44:04'),
(60, 18, 12, 7, '1', NULL, '2017-06-05 12:44:43', '2017-06-05 12:44:43'),
(61, 18, 12, 3, '1', NULL, '2017-06-05 12:44:43', '2017-06-05 12:44:43'),
(62, 18, 12, 8, '1', NULL, '2017-06-05 12:44:43', '2017-06-05 12:44:43'),
(63, 18, 12, 6, '1', NULL, '2017-06-05 12:44:43', '2017-06-05 12:44:43'),
(64, 19, 13, 46, '1', NULL, '2017-06-05 12:45:11', '2017-06-05 12:45:11'),
(65, 19, 13, 47, '1', NULL, '2017-06-05 12:45:11', '2017-06-05 12:45:11'),
(66, 19, 13, 48, '1', NULL, '2017-06-05 12:45:11', '2017-06-05 12:45:11'),
(67, 20, 14, 49, '1', NULL, '2017-06-05 12:45:55', '2017-06-05 12:45:55'),
(68, 20, 14, 50, '1', NULL, '2017-06-05 12:45:56', '2017-06-05 12:45:56'),
(69, 20, 14, 5, '1', NULL, '2017-06-05 12:45:56', '2017-06-05 12:45:56'),
(70, 20, 14, 15, '1', NULL, '2017-06-05 12:45:56', '2017-06-05 12:45:56'),
(71, 21, 15, 45, '1', NULL, '2017-06-05 12:48:05', '2017-06-05 12:48:05'),
(72, 21, 15, 7, '1', NULL, '2017-06-05 12:48:05', '2017-06-05 12:48:05'),
(73, 21, 15, 18, '1', NULL, '2017-06-05 12:48:05', '2017-06-05 12:48:05'),
(74, 21, 15, 17, '1', NULL, '2017-06-05 12:48:05', '2017-06-05 12:48:05'),
(75, 21, 15, 8, '1', NULL, '2017-06-05 12:48:05', '2017-06-05 12:48:05'),
(76, 21, 15, 51, '1', NULL, '2017-06-05 12:48:05', '2017-06-05 12:48:05'),
(77, 21, 15, 5, '1', NULL, '2017-06-05 12:48:05', '2017-06-05 12:48:05'),
(78, 22, 16, 3, '1', NULL, '2017-06-05 12:49:28', '2017-06-05 12:49:28'),
(79, 22, 16, 9, '1', NULL, '2017-06-05 12:49:28', '2017-06-05 12:49:28'),
(80, 22, 16, 14, '1', NULL, '2017-06-05 12:49:28', '2017-06-05 12:49:28'),
(81, 22, 16, 52, '1', NULL, '2017-06-05 12:49:28', '2017-06-05 12:49:28'),
(82, 23, 17, 7, '1', NULL, '2017-06-05 12:50:40', '2017-06-05 12:50:40'),
(83, 23, 17, 11, '1', NULL, '2017-06-05 12:50:40', '2017-06-05 12:50:40'),
(84, 23, 17, 19, '1', NULL, '2017-06-05 12:50:40', '2017-06-05 12:50:40'),
(85, 23, 17, 53, '1', NULL, '2017-06-05 12:50:40', '2017-06-05 12:50:40'),
(86, 23, 17, 5, '1', NULL, '2017-06-05 12:50:40', '2017-06-05 12:50:40');

/*!40101 SET CHARACTER_SET_CLIENT=@OLD_CHARACTER_SET_CLIENT */;
/*!40101 SET CHARACTER_SET_RESULTS=@OLD_CHARACTER_SET_RESULTS */;
/*!40101 SET COLLATION_CONNECTION=@OLD_COLLATION_CONNECTION */;
